accuracy	F1	average_cost_of_classification
0.8980797636632201	0.8966693684455247	20.0
