accuracy	F1	average_cost_of_classification
0.8916789758739537	0.8903748906790874	1.8637370753323486
