accuracy	F1	average_cost_of_classification
0.9046036435253569	0.9038576483066147	2.32767109798129
