accuracy	F1	average_cost_of_classification
0.8943870014771049	0.8933030811611798	3.3490891186607583
