accuracy	F1	average_cost_of_classification
0.9852289512555392	0.9852178577612004	1.0
