accuracy	F1	average_cost_of_classification
0.9102658788774003	0.9092376605053568	22.0
