accuracy	F1	average_cost_of_classification
0.8775233874938454	0.8756741972078607	1.4611029049729198
