accuracy	F1	average_cost_of_classification
0.8797390448055146	0.8780348535815883	1.654849827671098
