accuracy	F1	average_cost_of_classification
0.8932791728212703	0.8919853745565015	1.5360659773510585
