accuracy	F1	average_cost_of_classification
0.7002314814814815	0.5767733782114314	6.0
