accuracy	F1
0.9330379123584441	0.9328064633221562
