accuracy	F1	average_cost_of_classification
0.9852289512555391	0.9852178577612003	1.0
