accuracy	F1
0.8919251600196947	0.8905936075747429
