accuracy	F1
0.7002314814814815	0.5767733782114314
