accuracy	F1
0.9852289512555391	0.9852178577612003
